launch	layer	node	part	isrs	run_cyc
707	0	q_proj	1	321	234861
708	0	k_proj	1	81	58629
709	0	v_proj	1	81	58629
710	0	attn_qk	1	225	26177
711	0	attn_sv	1	225	39885
712	0	o_proj	1	321	234861
713	0	gate_proj	1	1281	939789
714	0	up_proj	1	1281	939789
715	0	down_proj	1	897	916845
716	1	q_proj	1	321	234861
717	1	k_proj	1	81	58629
718	1	v_proj	1	81	58629
719	1	attn_qk	1	225	26177
720	1	attn_sv	1	225	39885
721	1	o_proj	1	321	234861
722	1	gate_proj	1	1281	939789
723	1	up_proj	1	1281	939789
724	1	down_proj	1	897	916845
725	2	q_proj	1	321	234861
726	2	k_proj	1	81	58629
727	2	v_proj	1	81	58629
728	2	attn_qk	1	225	26177
729	2	attn_sv	1	225	39885
730	2	o_proj	1	321	234861
731	2	gate_proj	1	1281	939789
732	2	up_proj	1	1281	939789
733	2	down_proj	1	897	916845
734	3	q_proj	1	321	234861
735	3	k_proj	1	81	58629
736	3	v_proj	1	81	58629
737	3	attn_qk	1	225	26177
738	3	attn_sv	1	225	39885
739	3	o_proj	1	321	234861
740	3	gate_proj	1	1281	939789
741	3	up_proj	1	1281	939789
742	3	down_proj	1	897	916845
743	4	q_proj	1	321	234861
744	4	k_proj	1	81	58629
745	4	v_proj	1	81	58629
746	4	attn_qk	1	225	26177
747	4	attn_sv	1	225	39885
748	4	o_proj	1	321	234861
749	4	gate_proj	1	1281	939789
750	4	up_proj	1	1281	939789
751	4	down_proj	1	897	916845
752	5	q_proj	1	321	234861
753	5	k_proj	1	81	58629
754	5	v_proj	1	81	58629
755	5	attn_qk	1	225	26177
756	5	attn_sv	1	225	39885
757	5	o_proj	1	321	234861
758	5	gate_proj	1	1281	939789
759	5	up_proj	1	1281	939789
760	5	down_proj	1	897	916845
761	6	q_proj	1	321	234861
762	6	k_proj	1	81	58629
763	6	v_proj	1	81	58629
764	6	attn_qk	1	225	26177
765	6	attn_sv	1	225	39887
766	6	o_proj	1	321	234861
767	6	gate_proj	1	1281	939789
768	6	up_proj	1	1281	939789
769	6	down_proj	1	897	916845
770	7	q_proj	1	321	234861
771	7	k_proj	1	81	58629
772	7	v_proj	1	81	58629
773	7	attn_qk	1	225	26177
774	7	attn_sv	1	225	39885
775	7	o_proj	1	321	234861
776	7	gate_proj	1	1281	939789
777	7	up_proj	1	1281	939789
778	7	down_proj	1	897	916845
779	8	q_proj	1	321	234861
780	8	k_proj	1	81	58629
781	8	v_proj	1	81	58629
782	8	attn_qk	1	225	26177
783	8	attn_sv	1	225	39885
784	8	o_proj	1	321	234861
785	8	gate_proj	1	1281	939789
786	8	up_proj	1	1281	939789
787	8	down_proj	1	897	916845
788	9	q_proj	1	321	234861
789	9	k_proj	1	81	58629
790	9	v_proj	1	81	58629
791	9	attn_qk	1	225	26177
792	9	attn_sv	1	225	39885
793	9	o_proj	1	321	234861
794	9	gate_proj	1	1281	939789
795	9	up_proj	1	1281	939789
796	9	down_proj	1	897	916845
797	10	q_proj	1	321	234861
798	10	k_proj	1	81	58629
799	10	v_proj	1	81	58629
800	10	attn_qk	1	225	26177
801	10	attn_sv	1	225	39885
802	10	o_proj	1	321	234861
803	10	gate_proj	1	1281	939789
804	10	up_proj	1	1281	939789
805	10	down_proj	1	897	916845
806	11	q_proj	1	321	234861
807	11	k_proj	1	81	58629
808	11	v_proj	1	81	58629
809	11	attn_qk	1	225	26177
810	11	attn_sv	1	225	39885
811	11	o_proj	1	321	234861
812	11	gate_proj	1	1281	939789
813	11	up_proj	1	1281	939789
814	11	down_proj	1	897	916845
815	12	q_proj	1	321	234861
816	12	k_proj	1	81	58629
817	12	v_proj	1	81	58629
818	12	attn_qk	1	225	26177
819	12	attn_sv	1	225	39885
820	12	o_proj	1	321	234861
821	12	gate_proj	1	1281	939789
822	12	up_proj	1	1281	939789
823	12	down_proj	1	897	916845
824	13	q_proj	1	321	234861
825	13	k_proj	1	81	58629
826	13	v_proj	1	81	58629
827	13	attn_qk	1	225	26177
828	13	attn_sv	1	225	39885
829	13	o_proj	1	321	234861
830	13	gate_proj	1	1281	939789
831	13	up_proj	1	1281	939789
832	13	down_proj	1	897	916845
833	14	q_proj	1	321	234861
834	14	k_proj	1	81	58629
835	14	v_proj	1	81	58629
836	14	attn_qk	1	225	26177
837	14	attn_sv	1	225	39885
838	14	o_proj	1	321	234861
839	14	gate_proj	1	1281	939789
840	14	up_proj	1	1281	939789
841	14	down_proj	1	897	916845
842	15	q_proj	1	321	234861
843	15	k_proj	1	81	58629
844	15	v_proj	1	81	58629
845	15	attn_qk	1	225	26177
846	15	attn_sv	1	225	39885
847	15	o_proj	1	321	234861
848	15	gate_proj	1	1281	939789
849	15	up_proj	1	1281	939789
850	15	down_proj	1	897	916845
851	-	lm_head	1	13651	10023080
852	-	lm_head	2	6391	4692062
